IP地址,端口,回源端口,TLS,数据中心,地区,城市,TCP延迟(ms),速度(MB/s)
35.204.12.240,443,443,true,FRA,Europe,Frankfurt,173,10.41
35.234.68.60,443,443,true,FRA,Europe,Frankfurt,191,10.40
34.141.236.235,443,443,true,FRA,Europe,Frankfurt,183,10.39
34.118.55.40,443,443,true,FRA,Europe,Frankfurt,189,10.39
34.91.91.210,443,443,true,FRA,Europe,Frankfurt,180,10.39
34.65.19.230,443,443,true,FRA,Europe,Frankfurt,176,10.39
34.65.167.176,443,443,true,FRA,Europe,Frankfurt,172,10.38
34.90.66.225,443,443,true,FRA,Europe,Frankfurt,178,10.37
34.65.133.188,443,443,true,FRA,Europe,Frankfurt,176,10.37
34.91.91.210,443,443,true,FRA,Europe,Frankfurt,198,10.37
34.34.51.194,443,443,true,FRA,Europe,Frankfurt,174,10.37
34.141.51.251,443,443,true,FRA,Europe,Frankfurt,173,10.36
34.159.30.150,443,443,true,FRA,Europe,Frankfurt,177,10.36
34.154.143.132,443,443,true,FRA,Europe,Frankfurt,177,10.34
34.90.185.80,443,443,true,FRA,Europe,Frankfurt,161,10.33
34.154.57.166,443,443,true,FRA,Europe,Frankfurt,178,10.33
34.32.232.90,443,443,true,FRA,Europe,Frankfurt,179,10.33
34.118.112.163,443,443,true,FRA,Europe,Frankfurt,178,10.33
34.154.173.38,443,443,true,FRA,Europe,Frankfurt,168,10.33
34.91.141.104,443,443,true,FRA,Europe,Frankfurt,182,10.32
35.242.239.61,443,443,true,FRA,Europe,Frankfurt,182,10.31
34.88.63.160,443,443,true,FRA,Europe,Frankfurt,191,10.28
34.65.198.87,443,443,true,EWR,North America,Newark,174,10.28
34.91.67.64,443,443,true,FRA,Europe,Frankfurt,180,10.27
34.65.59.26,443,443,true,FRA,Europe,Frankfurt,171,10.25
34.90.88.12,443,443,true,FRA,Europe,Frankfurt,161,10.23
34.91.83.51,443,443,true,FRA,Europe,Frankfurt,172,10.22
34.34.24.107,443,443,true,FRA,Europe,Frankfurt,175,10.21
34.118.42.177,443,443,true,FRA,Europe,Frankfurt,187,10.21
34.65.78.7,443,443,true,FRA,Europe,Frankfurt,174,10.20
34.65.154.40,443,443,true,FRA,Europe,Frankfurt,174,10.19
34.118.67.168,443,443,true,FRA,Europe,Frankfurt,188,10.19
34.91.250.0,443,443,true,FRA,Europe,Frankfurt,233,10.18
35.204.214.60,443,443,true,FRA,Europe,Frankfurt,176,10.17
34.141.10.79,443,443,true,FRA,Europe,Frankfurt,166,10.16
35.197.23.75,443,443,true,SEA,North America,Seattle,157,10.15
34.154.3.87,443,443,true,FRA,Europe,Frankfurt,179,10.15
34.65.181.153,443,443,true,FRA,Europe,Frankfurt,163,10.14
34.65.174.156,443,443,true,FRA,Europe,Frankfurt,173,10.14
34.116.171.235,443,443,true,FRA,Europe,Frankfurt,173,10.13
34.91.83.51,443,443,true,FRA,Europe,Frankfurt,184,10.11
34.116.132.141,443,443,true,FRA,Europe,Frankfurt,180,10.11
34.116.248.189,443,443,true,FRA,Europe,Frankfurt,200,10.10
34.65.5.18,443,443,true,FRA,Europe,Frankfurt,173,10.07
34.91.146.141,443,443,true,FRA,Europe,Frankfurt,190,10.07
34.91.231.89,443,443,true,FRA,Europe,Frankfurt,175,10.07
34.154.107.139,443,443,true,FRA,Europe,Frankfurt,187,10.06
35.204.203.40,443,443,true,FRA,Europe,Frankfurt,176,10.05
34.65.190.252,443,443,true,AMS,Europe,Amsterdam,175,10.05
34.154.176.30,443,443,true,FRA,Europe,Frankfurt,178,10.04
34.32.255.76,443,443,true,FRA,Europe,Frankfurt,187,10.04
34.32.255.76,443,443,true,FRA,Europe,Frankfurt,178,10.04
34.118.91.146,443,443,true,FRA,Europe,Frankfurt,194,10.03
34.65.244.35,443,443,true,FRA,Europe,Frankfurt,178,10.03
34.116.181.51,443,443,true,FRA,Europe,Frankfurt,186,10.03
34.65.118.112,443,443,true,FRA,Europe,Frankfurt,179,10.02
34.32.178.41,443,443,true,FRA,Europe,Frankfurt,164,10.01
34.65.253.40,443,443,true,FRA,Europe,Frankfurt,172,9.99
35.204.20.220,443,443,true,FRA,Europe,Frankfurt,174,9.98
34.32.220.33,443,443,true,FRA,Europe,Frankfurt,185,9.98
34.65.19.230,443,443,true,FRA,Europe,Frankfurt,174,9.97
34.116.158.147,443,443,true,FRA,Europe,Frankfurt,185,9.97
34.91.110.151,443,443,true,FRA,Europe,Frankfurt,196,9.97
34.91.81.192,443,443,true,FRA,Europe,Frankfurt,186,9.96
34.65.163.152,443,443,true,FRA,Europe,Frankfurt,175,9.96
34.107.0.78,443,443,true,FRA,Europe,Frankfurt,240,9.96
34.32.212.53,443,443,true,FRA,Europe,Frankfurt,182,9.94
34.154.167.40,443,443,true,FRA,Europe,Frankfurt,176,9.94
34.65.150.119,443,443,true,FRA,Europe,Frankfurt,173,9.94
35.204.133.67,443,443,true,FRA,Europe,Frankfurt,175,9.94
34.118.76.103,443,443,true,FRA,Europe,Frankfurt,188,9.94
34.118.91.9,443,443,true,FRA,Europe,Frankfurt,187,9.93
35.204.88.54,443,443,true,FRA,Europe,Frankfurt,180,9.89
34.116.238.166,443,443,true,FRA,Europe,Frankfurt,186,9.89
34.65.222.230,443,443,true,FRA,Europe,Frankfurt,176,9.89
34.90.66.225,443,443,true,FRA,Europe,Frankfurt,176,9.88
34.116.142.89,443,443,true,FRA,Europe,Frankfurt,188,9.87
34.118.27.151,443,443,true,FRA,Europe,Frankfurt,193,9.87
34.107.85.111,443,443,true,FRA,Europe,Frankfurt,171,9.86
35.204.2.239,443,443,true,FRA,Europe,Frankfurt,179,9.86
34.65.12.109,443,443,true,FRA,Europe,Frankfurt,174,9.86
34.141.239.181,443,443,true,FRA,Europe,Frankfurt,171,9.86
34.65.233.74,443,443,true,FRA,Europe,Frankfurt,174,9.86
34.65.127.158,443,443,true,FRA,Europe,Frankfurt,180,9.85
34.159.232.109,443,443,true,FRA,Europe,Frankfurt,179,9.85
35.204.221.42,443,443,true,FRA,Europe,Frankfurt,208,9.84
34.116.159.30,443,443,true,FRA,Europe,Frankfurt,190,9.83
34.90.97.178,443,443,true,FRA,Europe,Frankfurt,166,9.81
34.65.193.203,443,443,true,FRA,Europe,Frankfurt,175,9.81
34.91.32.48,443,443,true,AMS,Europe,Amsterdam,175,9.80
34.32.164.220,443,443,true,FRA,Europe,Frankfurt,180,9.80
34.116.142.89,443,443,true,FRA,Europe,Frankfurt,188,9.80
35.204.120.102,443,443,true,FRA,Europe,Frankfurt,173,9.79
34.90.66.225,443,443,true,FRA,Europe,Frankfurt,184,9.78
34.118.80.189,443,443,true,FRA,Europe,Frankfurt,199,9.78
34.90.239.45,443,443,true,FRA,Europe,Frankfurt,175,9.78
34.91.231.89,443,443,true,FRA,Europe,Frankfurt,176,9.77
34.91.190.69,443,443,true,EWR,North America,Newark,177,9.76
34.65.193.203,443,443,true,FRA,Europe,Frankfurt,170,9.75
34.154.61.102,443,443,true,FRA,Europe,Frankfurt,193,9.75
34.65.137.126,443,443,true,FRA,Europe,Frankfurt,173,9.73
34.116.244.60,443,443,true,FRA,Europe,Frankfurt,188,9.73
34.116.238.191,443,443,true,FRA,Europe,Frankfurt,184,9.72
34.65.206.32,443,443,true,FRA,Europe,Frankfurt,162,9.72
34.118.55.40,443,443,true,FRA,Europe,Frankfurt,185,9.72
34.154.154.29,443,443,true,FRA,Europe,Frankfurt,184,9.70
35.204.115.8,443,443,true,FRA,Europe,Frankfurt,175,9.70
34.88.63.160,443,443,true,FRA,Europe,Frankfurt,187,9.69
34.65.236.226,443,443,true,FRA,Europe,Frankfurt,162,9.68
35.204.89.251,443,443,true,FRA,Europe,Frankfurt,175,9.68
34.116.238.191,443,443,true,FRA,Europe,Frankfurt,187,9.67
35.204.248.160,443,443,true,FRA,Europe,Frankfurt,177,9.66
34.118.99.192,443,443,true,FRA,Europe,Frankfurt,194,9.64
34.65.142.228,443,443,true,FRA,Europe,Frankfurt,182,9.64
34.116.203.209,443,443,true,FRA,Europe,Frankfurt,190,9.64
34.118.95.108,443,443,true,FRA,Europe,Frankfurt,190,9.64
34.107.119.215,443,443,true,FRA,Europe,Frankfurt,203,9.63
35.204.199.102,443,443,true,FRA,Europe,Frankfurt,178,9.63
34.65.123.126,443,443,true,FRA,Europe,Frankfurt,175,9.62
34.154.129.230,443,443,true,FRA,Europe,Frankfurt,193,9.61
34.141.44.244,443,443,true,FRA,Europe,Frankfurt,177,9.61
34.116.244.155,443,443,true,FRA,Europe,Frankfurt,192,9.60
34.65.241.224,443,443,true,FRA,Europe,Frankfurt,172,9.60
34.159.248.174,443,443,true,FRA,Europe,Frankfurt,179,9.60
34.65.88.186,443,443,true,FRA,Europe,Frankfurt,166,9.58
35.222.162.216,8080,80,false,ORD,North America,Chicago,204,9.57
34.90.122.86,443,443,true,FRA,Europe,Frankfurt,175,9.57
34.107.85.111,443,443,true,FRA,Europe,Frankfurt,249,9.57
34.91.231.245,443,443,true,FRA,Europe,Frankfurt,168,9.54
34.91.32.48,443,443,true,FRA,Europe,Frankfurt,173,9.53
34.91.190.69,443,443,true,EWR,North America,Newark,182,9.53
34.116.225.214,443,443,true,FRA,Europe,Frankfurt,186,9.52
34.65.133.188,443,443,true,FRA,Europe,Frankfurt,180,9.52
34.118.11.220,443,0,true,FRA,Europe,Frankfurt,188,9.52
34.65.69.117,443,443,true,FRA,Europe,Frankfurt,173,9.51
34.65.127.158,443,443,true,FRA,Europe,Frankfurt,172,9.51
34.65.122.213,443,443,true,FRA,Europe,Frankfurt,178,9.50
34.65.219.21,443,443,true,FRA,Europe,Frankfurt,172,9.49
34.91.69.135,443,443,true,FRA,Europe,Frankfurt,195,9.49
34.91.250.0,443,443,true,FRA,Europe,Frankfurt,187,9.49
34.89.211.255,443,443,true,FRA,Europe,Frankfurt,174,9.46
34.118.75.84,443,443,true,FRA,Europe,Frankfurt,190,9.44
34.154.59.132,443,443,true,FRA,Europe,Frankfurt,178,9.43
34.65.79.169,443,443,true,FRA,Europe,Frankfurt,175,9.43
34.154.247.201,443,443,true,FRA,Europe,Frankfurt,186,9.42
34.107.0.78,443,443,true,FRA,Europe,Frankfurt,183,9.40
34.116.174.214,443,443,true,FRA,Europe,Frankfurt,187,9.37
34.65.75.131,443,443,true,FRA,Europe,Frankfurt,171,9.37
34.91.250.0,443,443,true,FRA,Europe,Frankfurt,175,9.36
34.65.198.73,443,443,true,FRA,Europe,Frankfurt,171,9.36
34.154.73.91,443,443,true,FRA,Europe,Frankfurt,185,9.36
34.154.184.38,443,443,true,FRA,Europe,Frankfurt,179,9.35
34.91.130.108,443,443,true,FRA,Europe,Frankfurt,182,9.35
34.65.167.176,443,443,true,FRA,Europe,Frankfurt,178,9.34
35.204.195.174,443,443,true,FRA,Europe,Frankfurt,176,9.33
34.154.255.245,443,443,true,FRA,Europe,Frankfurt,182,9.32
34.91.141.104,443,443,true,FRA,Europe,Frankfurt,179,9.32
34.116.247.197,443,443,true,FRA,Europe,Frankfurt,187,9.32
34.116.234.141,443,443,true,FRA,Europe,Frankfurt,189,9.31
35.232.39.116,80,80,false,DFW,North America,Dallas,205,9.31
34.154.217.60,443,443,true,FRA,Europe,Frankfurt,187,9.31
34.118.75.245,443,443,true,FRA,Europe,Frankfurt,190,9.30
34.118.50.32,443,443,true,FRA,Europe,Frankfurt,193,9.26
34.65.71.15,443,443,true,FRA,Europe,Frankfurt,196,9.24
34.118.91.9,443,443,true,FRA,Europe,Frankfurt,215,9.22
34.65.217.236,443,443,true,FRA,Europe,Frankfurt,174,9.21
34.90.239.45,443,443,true,FRA,Europe,Frankfurt,175,9.21
34.116.176.165,443,443,true,FRA,Europe,Frankfurt,188,9.21
34.141.129.14,443,443,true,EWR,North America,Newark,179,9.21
34.34.0.254,443,443,true,FRA,Europe,Frankfurt,164,9.20
34.107.0.78,443,443,true,FRA,Europe,Frankfurt,232,9.20
34.154.209.117,443,443,true,FRA,Europe,Frankfurt,177,9.20
34.116.205.19,443,443,true,FRA,Europe,Frankfurt,200,9.19
34.154.60.184,443,443,true,FRA,Europe,Frankfurt,178,9.19
34.118.8.94,443,443,true,FRA,Europe,Frankfurt,179,9.19
34.91.110.151,443,443,true,FRA,Europe,Frankfurt,191,9.18
35.204.7.235,443,443,true,FRA,Europe,Frankfurt,175,9.17
34.141.201.253,443,443,true,FRA,Europe,Frankfurt,166,9.17
34.65.34.181,443,443,true,FRA,Europe,Frankfurt,176,9.16
34.116.251.225,443,443,true,FRA,Europe,Frankfurt,188,9.15
34.118.57.86,443,0,true,FRA,Europe,Frankfurt,184,9.14
34.65.220.206,443,443,true,FRA,Europe,Frankfurt,176,9.13
34.65.168.45,443,443,true,FRA,Europe,Frankfurt,175,9.12
34.66.72.229,443,443,true,ORD,North America,Chicago,204,9.11
34.122.12.237,443,443,true,ORD,North America,Chicago,205,9.07
34.118.123.62,443,443,true,FRA,Europe,Frankfurt,186,9.05
35.198.74.92,443,443,true,FRA,Europe,Frankfurt,181,9.05
34.65.171.227,443,0,true,FRA,Europe,Frankfurt,177,9.04
34.41.252.92,443,443,true,ORD,North America,Chicago,205,9.04
34.65.34.181,443,443,true,FRA,Europe,Frankfurt,175,9.03
34.122.12.237,443,443,true,ORD,North America,Chicago,225,9.03
34.72.146.82,443,443,true,ORD,North America,Chicago,205,9.02
34.123.83.237,443,443,true,ORD,North America,Chicago,206,9.02
34.70.91.86,443,443,true,ORD,North America,Chicago,206,9.02
35.226.211.129,443,443,true,ORD,North America,Chicago,225,9.01
34.69.150.180,443,443,true,ORD,North America,Chicago,206,9.01
34.66.72.229,443,443,true,ORD,North America,Chicago,205,9.00
34.65.62.76,443,443,true,FRA,Europe,Frankfurt,178,8.99
34.69.150.180,443,443,true,ORD,North America,Chicago,206,8.99
35.204.54.11,443,443,true,FRA,Europe,Frankfurt,176,8.99
34.29.228.169,443,443,true,ORD,North America,Chicago,206,8.99
34.66.72.229,443,443,true,ORD,North America,Chicago,210,8.98
34.65.206.32,443,443,true,FRA,Europe,Frankfurt,165,8.97
35.204.33.96,443,443,true,FRA,Europe,Frankfurt,177,8.97
34.91.188.157,443,443,true,FRA,Europe,Frankfurt,176,8.95
34.118.126.123,443,443,true,FRA,Europe,Frankfurt,203,8.95
34.118.75.59,443,443,true,FRA,Europe,Frankfurt,187,8.93
34.150.180.124,443,443,true,IAD,North America,Ashburn,213,8.92
35.189.113.240,443,443,true,LHR,Europe,London,169,8.90
35.232.160.115,443,443,true,ORD,North America,Chicago,206,8.89
34.150.196.226,443,443,true,IAD,North America,Ashburn,241,8.89
34.122.12.237,443,443,true,ORD,North America,Chicago,289,8.88
34.150.133.11,443,443,true,IAD,North America,Ashburn,211,8.87
34.150.133.11,443,443,true,IAD,North America,Ashburn,212,8.87
34.90.122.86,443,443,true,FRA,Europe,Frankfurt,195,8.85
34.118.2.183,443,443,true,FRA,Europe,Frankfurt,210,8.84
34.32.166.130,443,443,true,FRA,Europe,Frankfurt,164,8.83
34.65.5.18,443,443,true,FRA,Europe,Frankfurt,204,8.82
35.196.227.34,80,0,false,ATL,North America,Atlanta,218,8.80
34.154.87.32,443,443,true,FRA,Europe,Frankfurt,177,8.80
34.118.121.202,443,443,true,FRA,Europe,Frankfurt,187,8.80
34.159.114.222,443,443,true,FRA,Europe,Frankfurt,172,8.77
34.70.91.86,443,443,true,ORD,North America,Chicago,205,8.77
34.150.180.124,443,443,true,IAD,North America,Ashburn,212,8.76
34.118.14.212,443,443,true,FRA,Europe,Frankfurt,189,8.74
35.202.158.120,443,443,true,ORD,North America,Chicago,207,8.72
34.145.145.76,443,443,true,IAD,North America,Ashburn,224,8.72
34.91.188.243,443,443,true,FRA,Europe,Frankfurt,176,8.72
34.150.196.226,443,443,true,IAD,North America,Ashburn,214,8.71
34.118.4.227,443,443,true,FRA,Europe,Frankfurt,188,8.71
34.65.181.153,443,443,true,FRA,Europe,Frankfurt,178,8.68
34.32.166.130,443,443,true,FRA,Europe,Frankfurt,163,8.66
34.65.26.169,443,443,true,FRA,Europe,Frankfurt,187,8.65
34.65.190.252,443,443,true,EWR,North America,Newark,172,8.65
34.65.216.199,443,443,true,FRA,Europe,Frankfurt,199,8.64
34.118.95.108,443,443,true,FRA,Europe,Frankfurt,191,8.61
34.118.32.216,443,443,true,FRA,Europe,Frankfurt,187,8.61
34.116.244.240,443,443,true,FRA,Europe,Frankfurt,189,8.60
34.65.227.233,443,443,true,FRA,Europe,Frankfurt,165,8.59
35.188.87.85,80,8080,false,ORD,North America,Chicago,205,8.58
34.116.156.196,443,443,true,FRA,Europe,Frankfurt,195,8.55
34.154.134.203,443,443,true,FRA,Europe,Frankfurt,171,8.52
34.145.145.76,443,443,true,IAD,North America,Ashburn,274,8.51
34.74.105.17,80,8080,false,ATL,North America,Atlanta,219,8.51
34.90.198.79,443,443,true,FRA,Europe,Frankfurt,177,8.51
35.199.37.84,443,443,true,IAD,North America,Ashburn,212,8.50
34.118.41.188,443,443,true,FRA,Europe,Frankfurt,191,8.50
34.118.69.245,443,443,true,FRA,Europe,Frankfurt,191,8.48
34.90.119.75,443,443,true,FRA,Europe,Frankfurt,177,8.44
104.197.3.69,443,443,true,ORD,North America,Chicago,207,8.43
34.118.32.216,443,443,true,FRA,Europe,Frankfurt,186,8.41
34.65.13.54,443,443,true,FRA,Europe,Frankfurt,162,8.38
34.118.71.179,443,443,true,FRA,Europe,Frankfurt,190,8.38
34.65.198.87,443,443,true,EWR,North America,Newark,174,8.33
34.65.60.71,443,443,true,FRA,Europe,Frankfurt,179,8.20
34.65.154.40,443,443,true,FRA,Europe,Frankfurt,163,8.20
34.65.88.186,443,443,true,FRA,Europe,Frankfurt,188,8.16
34.90.119.75,443,443,true,FRA,Europe,Frankfurt,202,8.16
35.221.17.191,443,443,true,IAD,North America,Ashburn,231,8.13
35.185.75.107,443,443,true,ATL,North America,Atlanta,217,8.10
34.154.104.145,443,443,true,FRA,Europe,Frankfurt,199,8.08
34.118.73.23,443,443,true,FRA,Europe,Frankfurt,175,8.07
34.154.23.15,443,443,true,FRA,Europe,Frankfurt,189,8.07
34.74.105.17,80,8080,false,ATL,North America,Atlanta,219,8.02
35.196.72.166,443,443,true,ATL,North America,Atlanta,221,8.00
34.65.86.254,443,443,true,FRA,Europe,Frankfurt,166,7.95
34.65.150.119,443,443,true,FRA,Europe,Frankfurt,172,7.95
34.90.119.75,443,443,true,FRA,Europe,Frankfurt,172,7.88
34.154.41.80,443,443,true,FRA,Europe,Frankfurt,186,7.85
34.91.67.64,443,443,true,FRA,Europe,Frankfurt,184,7.83
34.107.85.111,443,443,true,FRA,Europe,Frankfurt,221,7.82
34.65.60.71,443,443,true,FRA,Europe,Frankfurt,206,7.81
34.74.105.17,80,8080,false,ATL,North America,Atlanta,219,7.81
34.118.56.203,443,443,true,FRA,Europe,Frankfurt,188,7.78
34.65.198.87,443,443,true,AMS,Europe,Amsterdam,174,7.77
34.148.187.247,443,443,true,ATL,North America,Atlanta,218,7.74
34.154.94.30,443,443,true,FRA,Europe,Frankfurt,162,7.71
34.118.6.46,443,443,true,FRA,Europe,Frankfurt,175,7.68
34.91.91.210,443,443,true,FRA,Europe,Frankfurt,175,7.63
34.91.130.108,443,443,true,FRA,Europe,Frankfurt,185,7.59
34.118.11.220,443,443,true,FRA,Europe,Frankfurt,184,7.58
34.90.239.45,443,443,true,FRA,Europe,Frankfurt,196,7.58
34.163.197.70,80,80,false,CDG,Europe,Paris,168,7.56
34.91.83.22,443,443,true,FRA,Europe,Frankfurt,179,7.54
34.65.216.199,443,443,true,FRA,Europe,Frankfurt,196,7.52
34.90.125.195,443,443,true,FRA,Europe,Frankfurt,249,7.51
34.91.141.104,443,443,true,FRA,Europe,Frankfurt,177,7.51
34.118.40.155,443,443,true,FRA,Europe,Frankfurt,178,7.50
34.154.200.108,443,443,true,FRA,Europe,Frankfurt,197,7.49
34.65.246.204,443,443,true,FRA,Europe,Frankfurt,191,7.45
34.65.19.230,443,443,true,FRA,Europe,Frankfurt,178,7.45
34.118.78.27,443,443,true,FRA,Europe,Frankfurt,176,7.37
34.91.9.40,443,443,true,FRA,Europe,Frankfurt,184,7.32
34.65.168.45,443,443,true,FRA,Europe,Frankfurt,176,7.32
34.65.223.180,443,443,true,FRA,Europe,Frankfurt,177,7.29
34.65.13.54,443,443,true,FRA,Europe,Frankfurt,165,7.26
34.65.26.169,443,443,true,FRA,Europe,Frankfurt,176,7.25
34.65.114.157,443,443,true,FRA,Europe,Frankfurt,175,7.23
34.154.234.37,443,443,true,FRA,Europe,Frankfurt,181,7.18
34.65.244.68,443,443,true,FRA,Europe,Frankfurt,169,7.13
34.154.47.47,443,443,true,FRA,Europe,Frankfurt,174,7.12
34.65.174.156,443,443,true,FRA,Europe,Frankfurt,177,7.11
34.65.25.217,443,443,true,FRA,Europe,Frankfurt,177,7.10
34.65.241.250,443,443,true,FRA,Europe,Frankfurt,172,7.10
34.65.97.237,443,443,true,FRA,Europe,Frankfurt,207,7.09
34.65.94.94,443,443,true,FRA,Europe,Frankfurt,177,7.07
34.65.193.225,443,443,true,FRA,Europe,Frankfurt,174,7.02
34.118.91.168,443,443,true,FRA,Europe,Frankfurt,187,7.02
34.154.195.183,443,443,true,FRA,Europe,Frankfurt,187,7.00
34.91.231.245,443,443,true,FRA,Europe,Frankfurt,185,6.99
34.154.205.68,443,443,true,FRA,Europe,Frankfurt,178,6.99
34.116.240.198,443,443,true,FRA,Europe,Frankfurt,187,6.96
34.154.219.97,443,443,true,FRA,Europe,Frankfurt,187,6.96
34.154.56.232,443,443,true,FRA,Europe,Frankfurt,164,6.95
34.65.12.109,443,443,true,FRA,Europe,Frankfurt,179,6.95
34.154.7.209,443,443,true,FRA,Europe,Frankfurt,206,6.94
34.65.206.32,443,443,true,FRA,Europe,Frankfurt,187,6.89
34.65.193.225,443,443,true,FRA,Europe,Frankfurt,173,6.89
34.116.217.223,443,443,true,FRA,Europe,Frankfurt,202,6.89
34.65.38.18,443,443,true,FRA,Europe,Frankfurt,163,6.89
34.91.188.157,443,443,true,FRA,Europe,Frankfurt,179,6.87
34.154.51.149,443,443,true,FRA,Europe,Frankfurt,173,6.87
34.65.248.147,443,443,true,FRA,Europe,Frankfurt,177,6.85
34.65.79.169,443,443,true,FRA,Europe,Frankfurt,196,6.83
34.118.105.216,443,443,true,FRA,Europe,Frankfurt,200,6.81
34.154.25.110,443,443,true,FRA,Europe,Frankfurt,176,6.80
34.65.163.152,443,443,true,FRA,Europe,Frankfurt,178,6.80
34.91.216.198,443,443,true,FRA,Europe,Frankfurt,173,6.80
34.65.168.5,443,443,true,FRA,Europe,Frankfurt,172,6.78
34.154.17.196,443,443,true,FRA,Europe,Frankfurt,164,6.77
34.65.123.126,443,443,true,FRA,Europe,Frankfurt,176,6.77
34.65.199.119,443,443,true,FRA,Europe,Frankfurt,180,6.77
34.65.78.7,443,443,true,FRA,Europe,Frankfurt,185,6.76
34.154.185.5,443,443,true,FRA,Europe,Frankfurt,187,6.75
34.65.71.15,443,443,true,FRA,Europe,Frankfurt,181,6.75
34.91.81.192,443,443,true,FRA,Europe,Frankfurt,177,6.74
34.65.104.227,443,443,true,FRA,Europe,Frankfurt,162,6.72
34.154.102.69,443,443,true,FRA,Europe,Frankfurt,179,6.68
34.65.94.94,443,443,true,FRA,Europe,Frankfurt,173,6.65
34.90.198.79,443,443,true,FRA,Europe,Frankfurt,175,6.65
34.65.171.227,443,443,true,FRA,Europe,Frankfurt,176,6.65
34.154.40.97,443,443,true,FRA,Europe,Frankfurt,178,6.64
34.65.97.68,443,443,true,FRA,Europe,Frankfurt,178,6.63
34.65.62.76,443,443,true,FRA,Europe,Frankfurt,173,6.62
34.65.133.57,443,443,true,FRA,Europe,Frankfurt,181,6.62
34.65.212.101,443,443,true,FRA,Europe,Frankfurt,172,6.60
34.118.113.252,443,443,true,FRA,Europe,Frankfurt,184,6.60
34.65.78.7,443,443,true,FRA,Europe,Frankfurt,174,6.57
34.118.105.216,443,443,true,FRA,Europe,Frankfurt,174,6.54
34.154.146.81,443,443,true,FRA,Europe,Frankfurt,173,6.54
34.65.104.227,443,443,true,FRA,Europe,Frankfurt,178,6.53
34.154.214.193,443,443,true,FRA,Europe,Frankfurt,176,6.53
34.92.165.193,443,443,true,HKG,Asia Pacific,Hong Kong,37,6.51
34.118.78.27,443,443,true,FRA,Europe,Frankfurt,176,6.50
34.65.198.73,443,443,true,FRA,Europe,Frankfurt,176,6.47
34.154.253.26,443,443,true,FRA,Europe,Frankfurt,183,6.47
34.118.16.79,443,443,true,FRA,Europe,Frankfurt,187,6.45
34.65.137.126,443,443,true,FRA,Europe,Frankfurt,171,6.44
34.154.245.26,443,443,true,FRA,Europe,Frankfurt,176,6.43
34.90.88.12,443,443,true,FRA,Europe,Frankfurt,170,6.39
34.65.41.25,443,443,true,FRA,Europe,Frankfurt,164,6.39
34.154.13.196,443,443,true,FRA,Europe,Frankfurt,178,6.37
34.118.7.118,443,443,true,FRA,Europe,Frankfurt,189,6.36
34.116.166.235,443,443,true,FRA,Europe,Frankfurt,188,6.35
34.65.223.160,443,443,true,FRA,Europe,Frankfurt,189,6.35
34.154.240.204,443,443,true,FRA,Europe,Frankfurt,181,6.33
34.118.114.231,443,443,true,FRA,Europe,Frankfurt,190,6.30
34.118.69.245,443,443,true,FRA,Europe,Frankfurt,186,6.30
34.118.80.189,443,443,true,FRA,Europe,Frankfurt,187,6.26
34.116.208.78,443,443,true,FRA,Europe,Frankfurt,187,6.24
34.154.40.78,443,443,true,FRA,Europe,Frankfurt,180,6.24
34.118.75.84,443,443,true,FRA,Europe,Frankfurt,190,6.23
34.118.44.17,443,443,true,FRA,Europe,Frankfurt,178,6.22
34.65.163.152,443,443,true,FRA,Europe,Frankfurt,174,6.21
34.65.169.15,443,443,true,FRA,Europe,Frankfurt,189,6.21
34.154.187.190,443,443,true,FRA,Europe,Frankfurt,179,6.21
34.118.63.12,443,443,true,FRA,Europe,Frankfurt,208,6.20
34.65.115.78,443,443,true,FRA,Europe,Frankfurt,182,6.19
34.154.135.247,443,443,true,FRA,Europe,Frankfurt,185,6.18
34.116.255.222,443,443,true,FRA,Europe,Frankfurt,188,6.17
34.65.108.37,443,443,true,FRA,Europe,Frankfurt,176,6.15
34.91.146.141,443,443,true,FRA,Europe,Frankfurt,185,6.13
34.154.19.251,443,443,true,FRA,Europe,Frankfurt,166,6.12
34.118.76.103,443,443,true,FRA,Europe,Frankfurt,190,6.12
34.118.89.180,443,443,true,FRA,Europe,Frankfurt,204,6.12
34.65.69.117,443,443,true,FRA,Europe,Frankfurt,183,6.12
34.116.149.184,443,443,true,FRA,Europe,Frankfurt,187,6.10
34.154.60.225,443,443,true,FRA,Europe,Frankfurt,182,6.04
34.118.121.202,443,443,true,FRA,Europe,Frankfurt,187,6.04
34.118.91.146,443,443,true,FRA,Europe,Frankfurt,190,6.02
34.154.169.134,443,443,true,FRA,Europe,Frankfurt,187,6.01
34.65.53.217,443,443,true,FRA,Europe,Frankfurt,180,5.99
34.118.36.86,443,443,true,FRA,Europe,Frankfurt,174,5.96
34.118.126.123,443,443,true,FRA,Europe,Frankfurt,188,5.93
34.118.73.23,443,443,true,FRA,Europe,Frankfurt,202,5.92
34.154.222.222,443,443,true,FRA,Europe,Frankfurt,176,5.92
34.118.91.61,443,443,true,FRA,Europe,Frankfurt,188,5.91
34.105.108.99,443,443,true,SEA,North America,Seattle,175,5.89
34.65.253.40,443,443,true,FRA,Europe,Frankfurt,183,5.88
34.154.36.170,443,443,true,FRA,Europe,Frankfurt,176,5.86
34.65.25.217,443,443,true,FRA,Europe,Frankfurt,174,5.84
34.65.122.213,443,443,true,FRA,Europe,Frankfurt,175,5.82
34.118.75.245,443,443,true,FRA,Europe,Frankfurt,194,5.80
34.65.97.237,443,443,true,FRA,Europe,Frankfurt,163,5.80
35.237.127.69,80,0,false,ATL,North America,Atlanta,219,5.79
34.116.219.69,443,443,true,FRA,Europe,Frankfurt,190,5.78
34.154.198.9,443,443,true,FRA,Europe,Frankfurt,175,5.77
34.154.243.46,443,443,true,FRA,Europe,Frankfurt,201,5.76
34.154.228.44,443,443,true,FRA,Europe,Frankfurt,187,5.75
34.116.156.226,443,443,true,FRA,Europe,Frankfurt,181,5.74
34.118.99.192,443,443,true,FRA,Europe,Frankfurt,187,5.73
34.116.202.7,443,443,true,FRA,Europe,Frankfurt,190,5.65
34.65.198.87,443,443,true,AMS,Europe,Amsterdam,200,5.65
34.65.171.227,443,443,true,FRA,Europe,Frankfurt,181,5.65
34.154.16.22,443,443,true,FRA,Europe,Frankfurt,186,5.60
34.91.231.245,443,443,true,FRA,Europe,Frankfurt,195,5.59
34.118.68.149,443,443,true,FRA,Europe,Frankfurt,190,5.54
34.154.196.153,443,443,true,FRA,Europe,Frankfurt,178,5.54
34.116.158.147,443,443,true,FRA,Europe,Frankfurt,206,5.52
34.65.206.32,443,443,true,FRA,Europe,Frankfurt,187,5.49
34.154.77.58,443,443,true,FRA,Europe,Frankfurt,183,5.48
34.90.185.80,443,443,true,FRA,Europe,Frankfurt,162,5.44
34.142.51.100,443,443,true,LHR,Europe,London,182,5.42
34.118.123.62,443,443,true,FRA,Europe,Frankfurt,192,5.40
34.116.180.73,443,443,true,FRA,Europe,Frankfurt,183,5.38
34.105.233.161,443,443,true,LHR,Europe,London,207,5.38
34.105.233.161,443,443,true,LHR,Europe,London,194,5.37
34.118.124.90,443,443,true,AMS,Europe,Amsterdam,197,5.34
34.154.126.198,443,443,true,FRA,Europe,Frankfurt,195,5.32
34.118.77.217,443,443,true,FRA,Europe,Frankfurt,187,5.31
34.154.135.173,443,443,true,FRA,Europe,Frankfurt,178,5.28
34.116.216.206,443,443,true,FRA,Europe,Frankfurt,190,5.27
34.116.146.248,443,443,true,FRA,Europe,Frankfurt,186,5.09
34.116.181.51,443,443,true,FRA,Europe,Frankfurt,186,5.05
34.118.57.86,443,443,true,FRA,Europe,Frankfurt,197,4.99
34.118.91.61,443,443,true,FRA,Europe,Frankfurt,185,4.96
34.118.43.13,443,443,true,FRA,Europe,Frankfurt,192,4.88
34.116.190.191,443,443,true,FRA,Europe,Frankfurt,176,4.79
34.118.63.12,443,443,true,FRA,Europe,Frankfurt,203,4.71
34.116.255.149,443,443,true,FRA,Europe,Frankfurt,186,4.67
34.118.65.137,443,443,true,FRA,Europe,Frankfurt,187,4.52
34.118.42.177,443,443,true,FRA,Europe,Frankfurt,186,4.47
34.72.146.82,443,443,true,ORD,North America,Chicago,205,4.45
34.90.250.142,443,443,true,FRA,Europe,Frankfurt,180,4.37
34.107.122.127,443,443,true,FRA,Europe,Frankfurt,154,4.32
34.118.70.10,443,443,true,FRA,Europe,Frankfurt,194,4.26
34.107.36.146,443,443,true,FRA,Europe,Frankfurt,154,4.21
34.107.118.25,443,443,true,FRA,Europe,Frankfurt,204,4.11
34.92.165.193,443,443,true,HKG,Asia Pacific,Hong Kong,88,4.00
34.116.186.105,443,443,true,FRA,Europe,Frankfurt,187,4.00
34.154.154.120,443,443,true,FRA,Europe,Frankfurt,175,3.79
34.118.71.179,443,443,true,FRA,Europe,Frankfurt,195,3.67
34.123.83.237,443,443,true,ORD,North America,Chicago,205,3.63
34.116.141.102,443,443,true,FRA,Europe,Frankfurt,184,3.56
34.154.223.40,443,443,true,FRA,Europe,Frankfurt,164,3.52
34.118.75.59,443,443,true,FRA,Europe,Frankfurt,197,3.50
34.118.112.163,443,443,true,FRA,Europe,Frankfurt,192,3.43
34.116.202.128,443,443,true,FRA,Europe,Frankfurt,191,3.38
34.116.153.230,443,443,true,FRA,Europe,Frankfurt,193,3.33
34.116.184.196,443,443,true,FRA,Europe,Frankfurt,207,3.26
34.65.168.5,443,443,true,FRA,Europe,Frankfurt,175,3.24
34.116.186.249,443,443,true,FRA,Europe,Frankfurt,252,3.20
34.118.67.168,443,443,true,FRA,Europe,Frankfurt,190,3.14
34.118.77.217,443,443,true,FRA,Europe,Frankfurt,225,3.14
34.116.176.165,443,443,true,FRA,Europe,Frankfurt,187,3.13
34.116.153.78,443,443,true,FRA,Europe,Frankfurt,186,3.00
34.116.157.223,443,443,true,FRA,Europe,Frankfurt,188,2.96
34.116.151.54,443,443,true,FRA,Europe,Frankfurt,202,2.94
34.118.113.252,443,443,true,FRA,Europe,Frankfurt,195,2.86
34.92.165.193,443,443,true,HKG,Asia Pacific,Hong Kong,141,2.85
34.116.152.33,443,443,true,EWR,North America,Newark,197,2.81
34.118.65.137,443,443,true,FRA,Europe,Frankfurt,190,2.77
34.118.68.149,443,443,true,FRA,Europe,Frankfurt,190,2.77
34.116.198.247,443,443,true,FRA,Europe,Frankfurt,191,2.76
34.116.203.117,443,443,true,FRA,Europe,Frankfurt,174,2.75
34.118.114.231,443,443,true,FRA,Europe,Frankfurt,189,2.67
34.116.131.199,443,443,true,FRA,Europe,Frankfurt,183,2.66
34.175.133.251,2087,80,false,MAD,Europe,Madrid,181,2.63
34.175.7.231,2053,80,false,MAD,Europe,Madrid,186,2.60
34.175.133.251,2096,80,false,MAD,Europe,Madrid,182,2.56
34.175.95.58,2053,80,false,MAD,Europe,Madrid,185,2.54
34.175.133.251,2053,80,false,MAD,Europe,Madrid,186,2.53
34.175.95.58,2083,80,false,MAD,Europe,Madrid,183,2.53
34.175.133.251,2083,80,false,MAD,Europe,Madrid,188,2.51
34.175.133.251,2095,80,false,MAD,Europe,Madrid,179,2.49
34.175.133.251,2052,80,false,MAD,Europe,Madrid,180,2.47
34.175.95.58,2087,80,false,MAD,Europe,Madrid,183,2.47
34.175.133.251,2082,80,false,MAD,Europe,Madrid,184,2.47
34.175.95.58,2096,80,false,MAD,Europe,Madrid,181,2.46
34.175.95.58,2086,80,false,MAD,Europe,Madrid,183,2.45
35.187.41.171,2083,80,false,CDG,Europe,Paris,163,2.45
34.175.95.58,2082,80,false,MAD,Europe,Madrid,182,2.44
34.175.95.58,2052,80,false,MAD,Europe,Madrid,185,2.44
34.175.99.73,2096,80,false,MAD,Europe,Madrid,184,2.43
34.175.95.58,2095,80,false,MAD,Europe,Madrid,183,2.43
34.175.133.251,2086,80,false,MAD,Europe,Madrid,181,2.42
34.118.91.168,443,443,true,FRA,Europe,Frankfurt,208,2.40
35.187.41.171,2087,80,false,CDG,Europe,Paris,163,2.38
34.140.239.154,2086,80,false,CDG,Europe,Paris,162,2.37
34.140.239.154,2087,80,false,CDG,Europe,Paris,165,2.37
34.175.7.231,2087,80,false,MAD,Europe,Madrid,184,2.36
34.140.239.154,2082,80,false,CDG,Europe,Paris,160,2.36
34.140.239.154,2096,80,false,CDG,Europe,Paris,164,2.36
34.175.99.73,2082,80,false,MAD,Europe,Madrid,178,2.36
34.175.99.73,2086,80,false,MAD,Europe,Madrid,181,2.36
34.175.161.245,2087,80,false,MAD,Europe,Madrid,181,2.35
34.140.239.154,2095,80,false,CDG,Europe,Paris,162,2.35
34.175.7.231,2052,80,false,MAD,Europe,Madrid,178,2.34
34.140.239.154,2053,80,false,CDG,Europe,Paris,166,2.34
34.175.161.245,2083,80,false,MAD,Europe,Madrid,185,2.34
34.175.161.245,2082,80,false,MAD,Europe,Madrid,183,2.33
34.175.161.245,2053,80,false,MAD,Europe,Madrid,179,2.32
34.140.239.154,2052,80,false,CDG,Europe,Paris,160,2.31
34.118.124.90,443,443,true,CDG,Europe,Paris,191,2.28
34.140.239.154,2083,80,false,CDG,Europe,Paris,161,2.27
34.175.161.245,2096,80,false,MAD,Europe,Madrid,187,2.26
34.175.161.245,2095,80,false,MAD,Europe,Madrid,180,2.21
34.175.244.157,2083,80,false,MAD,Europe,Madrid,182,2.20
34.175.168.99,2082,80,false,MAD,Europe,Madrid,183,2.20
34.175.168.99,2087,80,false,MAD,Europe,Madrid,178,2.18
34.175.168.99,2096,80,false,MAD,Europe,Madrid,180,2.18
34.175.161.245,2052,80,false,MAD,Europe,Madrid,180,2.18
34.175.168.99,2052,80,false,MAD,Europe,Madrid,179,2.16
34.175.244.157,2087,80,false,MAD,Europe,Madrid,177,2.16
34.175.244.157,2082,80,false,MAD,Europe,Madrid,183,2.16
34.175.99.73,2052,80,false,MAD,Europe,Madrid,183,2.16
34.175.244.157,2086,80,false,MAD,Europe,Madrid,185,2.15
34.175.7.231,2082,80,false,MAD,Europe,Madrid,181,2.13
34.175.244.157,2095,80,false,MAD,Europe,Madrid,184,2.13
34.175.99.73,2095,80,false,MAD,Europe,Madrid,185,2.12
34.175.161.245,2086,80,false,MAD,Europe,Madrid,182,2.10
34.175.168.99,2083,80,false,MAD,Europe,Madrid,182,2.10
34.175.244.157,2096,80,false,MAD,Europe,Madrid,185,2.07
34.175.244.157,2053,80,false,MAD,Europe,Madrid,182,2.03
34.175.244.157,2052,80,false,MAD,Europe,Madrid,185,1.98
34.175.143.15,2095,80,false,MAD,Europe,Madrid,188,1.96
34.116.231.238,443,443,true,FRA,Europe,Frankfurt,177,1.50
34.118.6.46,443,443,true,FRA,Europe,Frankfurt,206,1.31
34.118.89.180,443,443,true,FRA,Europe,Frankfurt,185,1.03
34.118.124.151,443,443,true,FRA,Europe,Frankfurt,253,1.02
34.116.190.16,443,443,true,FRA,Europe,Frankfurt,194,0.86
34.116.171.235,443,443,true,FRA,Europe,Frankfurt,174,0.72
34.120.198.225,80,0,false,SIN,Asia Pacific,Singapore,14,0.35
34.120.198.225,80,0,false,SIN,Asia Pacific,Singapore,10,0.34
34.128.66.175,80,0,false,SIN,Asia Pacific,Singapore,48,0.24
34.146.45.46,80,0,false,NRT,Asia Pacific,Tokyo,75,0.15
35.227.174.52,443,0,false,SEA,North America,Seattle,157,0.12
35.227.174.52,80,0,false,SEA,North America,Seattle,157,0.11
34.144.230.100,80,0,false,SJC,North America,San Jose,23,0.06
34.134.91.160,80,0,false,ORD,North America,Chicago,206,0.06
104.197.168.124,80,0,false,ORD,North America,Chicago,216,0.05
34.27.194.227,2053,443,true,ORD,North America,Chicago,206,0.05
34.27.194.227,8443,443,true,ORD,North America,Chicago,206,0.05
34.92.171.182,80,0,false,HKG,Asia Pacific,Hong Kong,38,0.04
34.92.171.182,80,0,false,HKG,Asia Pacific,Hong Kong,39,0.04
104.155.53.64,80,0,false,CDG,Europe,Paris,160,0.04
34.49.132.250,80,80,false,SIN,Asia Pacific,Singapore,41,0.04
34.149.68.111,80,0,false,SIN,Asia Pacific,Singapore,29,0.04
104.197.168.124,443,0,true,ORD,North America,Chicago,218,0.04
34.27.194.227,2053,443,true,ORD,North America,Chicago,215,0.04
34.116.202.226,80,0,false,VIE,Europe,Vienna,243,0.04
34.27.194.227,8443,443,true,ORD,North America,Chicago,206,0.04
34.90.18.172,443,0,true,FRA,Europe,Frankfurt,178,0.04
34.92.111.70,80,0,false,HKG,Asia Pacific,Hong Kong,47,0.04
34.141.221.144,443,0,true,FRA,Europe,Frankfurt,189,0.04
34.92.111.70,80,0,false,HKG,Asia Pacific,Hong Kong,38,0.04
34.67.161.168,80,0,false,ORD,North America,Chicago,207,0.04
34.92.111.70,80,0,false,HKG,Asia Pacific,Hong Kong,37,0.04
34.90.18.172,443,0,true,FRA,Europe,Frankfurt,177,0.03
34.67.161.168,80,0,false,ORD,North America,Chicago,206,0.03
34.69.253.52,80,0,false,ORD,North America,Chicago,206,0.03
35.204.110.138,443,0,true,FRA,Europe,Frankfurt,177,0.03
34.67.161.168,80,0,false,ORD,North America,Chicago,207,0.03
34.69.253.52,80,0,false,ORD,North America,Chicago,207,0.03
34.118.108.160,443,0,true,FRA,Europe,Frankfurt,191,0.03
34.118.108.160,443,0,true,FRA,Europe,Frankfurt,189,0.03
34.92.171.182,80,0,false,HKG,Asia Pacific,Hong Kong,36,0.03
35.241.70.8,80,0,false,HKG,Asia Pacific,Hong Kong,65,0.03
34.72.237.59,80,0,false,ORD,North America,Chicago,206,0.03
34.72.237.59,80,0,false,ORD,North America,Chicago,205,0.03
35.227.246.247,80,0,false,SIN,Asia Pacific,Singapore,1,0.03
34.121.17.180,80,0,false,ORD,North America,Chicago,207,0.02
34.121.17.180,80,0,false,ORD,North America,Chicago,211,0.02
34.121.17.180,80,0,false,ORD,North America,Chicago,222,0.02
34.111.68.8,80,0,false,SIN,Asia Pacific,Singapore,16,0.02
34.135.54.87,80,0,false,ORD,North America,Chicago,207,0.02
35.230.234.174,80,0,false,SIN,Asia Pacific,Singapore,3,0.02
34.107.208.220,80,0,false,SIN,Asia Pacific,Singapore,2,0.02
35.230.237.32,80,0,false,TPE,Asia Pacific,Taipei,1,0.02
34.107.208.220,80,0,false,SIN,Asia Pacific,Singapore,10,0.02
34.92.228.196,80,80,false,HKG,Asia Pacific,Hong Kong,38,0.01
34.92.228.196,80,80,false,HKG,Asia Pacific,Hong Kong,36,0.01
34.92.228.196,80,80,false,HKG,Asia Pacific,Hong Kong,38,0.01
34.92.228.196,443,443,true,HKG,Asia Pacific,Hong Kong,40,0.01
34.92.228.196,443,443,true,HKG,Asia Pacific,Hong Kong,68,0.01
34.92.228.196,443,443,true,HKG,Asia Pacific,Hong Kong,37,0.01
34.96.67.175,80,0,false,KUL,Asia Pacific,Kuala Lumpur,7,0.01
35.184.199.202,80,0,false,ORD,North America,Chicago,206,0.01
34.80.222.234,80,0,false,HKG,Asia Pacific,Hong Kong,45,0.00
34.80.222.234,80,0,false,HKG,Asia Pacific,Hong Kong,45,0.00
34.80.222.234,80,0,false,HKG,Asia Pacific,Hong Kong,46,0.00
34.96.93.19,80,0,false,SIN,Asia Pacific,Singapore,24,0.00
34.96.225.108,8080,0,false,HKG,Asia Pacific,Hong Kong,37,0.00
34.96.93.19,80,0,false,SIN,Asia Pacific,Singapore,2,0.00
34.80.222.234,80,0,false,HKG,Asia Pacific,Hong Kong,48,0.00
34.96.225.108,8080,0,false,HKG,Asia Pacific,Hong Kong,37,0.00
34.36.155.53,80,0,false,SIN,Asia Pacific,Singapore,38,0.00
34.96.225.108,8080,0,false,HKG,Asia Pacific,Hong Kong,56,0.00
34.80.211.93,80,0,false,NRT,Asia Pacific,Tokyo,44,0.00
34.36.241.241,80,0,false,SIN,Asia Pacific,Singapore,37,0.00
34.120.124.61,80,0,false,SIN,Asia Pacific,Singapore,11,0.00
35.241.9.203,80,0,false,ORD,North America,Chicago,5,0.00
34.80.211.93,80,0,false,NRT,Asia Pacific,Tokyo,45,0.00
34.80.211.93,80,0,false,NRT,Asia Pacific,Tokyo,48,0.00
34.80.211.93,80,0,false,NRT,Asia Pacific,Tokyo,55,0.00
34.126.143.153,80,0,false,SIN,Asia Pacific,Singapore,49,0.00
34.126.143.153,80,0,false,SIN,Asia Pacific,Singapore,30,0.00
35.230.48.122,8080,0,false,SEA,North America,Seattle,157,0.00
35.234.95.78,80,0,false,TXL,Europe,Berlin,156,0.00
34.123.217.194,80,0,false,ORD,North America,Chicago,206,0.00
34.72.109.102,80,0,false,ORD,North America,Chicago,205,0.00
34.72.109.102,80,0,false,ORD,North America,Chicago,205,0.00
34.123.217.194,80,0,false,ORD,North America,Chicago,204,0.00
34.68.51.16,80,0,false,ORD,North America,Chicago,207,0.00
34.132.254.201,80,0,false,ORD,North America,Chicago,205,0.00
34.68.51.16,80,0,false,ORD,North America,Chicago,206,0.00
34.123.217.194,80,0,false,ORD,North America,Chicago,206,0.00
34.135.13.56,80,0,false,ORD,North America,Chicago,205,0.00
34.133.113.15,80,0,false,ORD,North America,Chicago,207,0.00
34.41.17.116,80,0,false,ORD,North America,Chicago,209,0.00
34.120.203.240,80,0,false,SIN,Asia Pacific,Singapore,3,0.00
34.66.154.238,80,0,false,ORD,North America,Chicago,206,0.00
34.68.51.16,80,0,false,ORD,North America,Chicago,206,0.00
34.96.67.175,80,0,false,KUL,Asia Pacific,Kuala Lumpur,1,0.00
35.202.7.148,80,0,false,ORD,North America,Chicago,205,0.00
34.36.101.99,80,0,false,SIN,Asia Pacific,Singapore,26,0.00
34.77.233.91,80,0,false,CDG,Europe,Paris,163,0.00
34.77.233.91,80,0,false,CDG,Europe,Paris,161,0.00
34.77.233.91,80,0,false,CDG,Europe,Paris,162,0.00
34.100.190.34,80,0,false,BOM,Asia Pacific,Mumbai,338,0.00
34.126.112.176,8080,0,false,SIN,Asia Pacific,Singapore,2,0.00
34.126.112.176,8080,0,false,SIN,Asia Pacific,Singapore,26,0.00
34.107.201.158,80,0,false,IAD,North America,Ashburn,8,0.00
34.107.201.158,80,0,false,IAD,North America,Ashburn,3,0.00
34.105.123.165,80,0,false,SEA,North America,Seattle,157,0.00
34.120.35.204,80,0,false,IAD,North America,Ashburn,27,0.00
34.105.123.165,80,0,false,SEA,North America,Seattle,171,0.00
34.159.120.110,80,0,false,FRA,Europe,Frankfurt,229,0.00
34.170.71.34,80,0,false,ORD,North America,Chicago,205,0.00
34.77.233.91,80,0,false,CDG,Europe,Paris,163,0.00
34.70.31.233,80,0,false,ORD,North America,Chicago,205,0.00
34.70.31.233,80,0,false,ORD,North America,Chicago,205,0.00
34.102.244.136,80,0,false,SIN,Asia Pacific,Singapore,22,0.00
35.220.132.211,8080,0,false,HKG,Asia Pacific,Hong Kong,37,0.00
34.142.184.16,80,0,false,SIN,Asia Pacific,Singapore,4,0.00
34.111.204.123,80,0,false,SIN,Asia Pacific,Singapore,21,0.00
34.136.161.38,80,0,false,DFW,North America,Dallas,208,0.00
34.110.205.106,80,0,false,SIN,Asia Pacific,Singapore,1,0.00
34.107.191.120,80,0,false,SIN,Asia Pacific,Singapore,1,0.00
35.227.211.1,80,0,false,SIN,Asia Pacific,Singapore,1,0.00
35.186.153.145,80,0,false,SIN,Asia Pacific,Singapore,2,0.00
35.230.236.158,80,0,false,SIN,Asia Pacific,Singapore,2,0.00
34.126.143.153,80,0,false,SIN,Asia Pacific,Singapore,3,0.00
34.128.84.187,80,0,false,SIN,Asia Pacific,Singapore,13,0.00
34.149.110.146,80,0,false,SIN,Asia Pacific,Singapore,15,0.00
34.101.99.100,80,0,false,SIN,Asia Pacific,Singapore,16,0.00
34.110.195.160,80,80,false,SIN,Asia Pacific,Singapore,18,0.00
34.101.169.73,80,8080,false,CGK,Asia Pacific,Jakarta,21,0.00
34.111.151.28,80,0,false,SIN,Asia Pacific,Singapore,21,0.00
34.120.222.161,80,0,false,SIN,Asia Pacific,Singapore,23,0.00
34.101.44.165,80,0,false,SIN,Asia Pacific,Singapore,25,0.00
34.120.222.161,80,0,false,SIN,Asia Pacific,Singapore,25,0.00
34.101.99.100,80,0,false,SIN,Asia Pacific,Singapore,28,0.00
35.229.172.56,80,0,false,TPE,Asia Pacific,Taipei,42,0.00
35.200.154.186,443,443,true,BOM,Asia Pacific,Mumbai,62,0.00
34.128.84.187,80,0,false,SIN,Asia Pacific,Singapore,69,0.00
34.84.154.47,80,0,false,NRT,Asia Pacific,Tokyo,73,0.00
34.84.154.47,80,0,false,NRT,Asia Pacific,Tokyo,74,0.00
34.84.154.47,80,0,false,NRT,Asia Pacific,Tokyo,80,0.00
35.233.250.18,80,0,false,SEA,North America,Seattle,156,0.00
34.168.222.209,443,80,false,SEA,North America,Seattle,156,0.00
34.89.234.44,443,443,true,FRA,Europe,Frankfurt,157,0.00
34.168.222.209,80,80,false,SEA,North America,Seattle,158,0.00
35.233.172.5,80,0,false,SEA,North America,Seattle,161,0.00
34.65.239.218,443,0,true,FRA,Europe,Frankfurt,163,0.00
34.65.239.218,443,0,true,FRA,Europe,Frankfurt,164,0.00
34.65.214.126,443,0,true,FRA,Europe,Frankfurt,165,0.00
34.65.86.254,443,443,true,FRA,Europe,Frankfurt,166,0.00
34.89.215.49,443,443,true,FRA,Europe,Frankfurt,167,0.00
34.159.146.122,443,443,true,FRA,Europe,Frankfurt,168,0.00
34.89.241.45,443,443,true,FRA,Europe,Frankfurt,169,0.00
35.198.161.26,443,443,true,FRA,Europe,Frankfurt,170,0.00
34.116.252.45,443,0,true,FRA,Europe,Frankfurt,174,0.00
34.116.208.78,443,443,true,FRA,Europe,Frankfurt,174,0.00
34.90.12.66,443,443,true,FRA,Europe,Frankfurt,177,0.00
34.116.132.141,443,443,true,FRA,Europe,Frankfurt,177,0.00
34.65.235.63,443,0,true,FRA,Europe,Frankfurt,178,0.00
34.116.186.105,443,0,true,FRA,Europe,Frankfurt,178,0.00
34.116.248.189,443,443,true,FRA,Europe,Frankfurt,186,0.00
34.116.203.117,443,443,true,FRA,Europe,Frankfurt,187,0.00
34.118.41.105,443,0,true,FRA,Europe,Frankfurt,187,0.00
34.116.202.7,443,443,true,FRA,Europe,Frankfurt,187,0.00
34.116.153.78,443,443,true,FRA,Europe,Frankfurt,189,0.00
34.116.244.60,443,443,true,FRA,Europe,Frankfurt,190,0.00
34.41.17.116,80,0,false,ORD,North America,Chicago,206,0.00
34.72.23.190,8080,0,false,ORD,North America,Chicago,206,0.00
34.67.161.168,80,0,false,ORD,North America,Chicago,207,0.00
35.245.143.207,443,0,true,IAD,North America,Ashburn,211,0.00
34.73.111.106,80,0,false,ATL,North America,Atlanta,219,0.00
35.240.116.140,80,0,false,CDG,Europe,Paris,227,0.00
34.116.202.226,80,0,false,VIE,Europe,Vienna,242,0.00
34.141.84.126,80,0,false,FRA,Europe,Frankfurt,317,0.00
